Acct Number,Posting Date,Billing Date,Transaction Date,Transaction Amount,Transaction Code,Merchant Name,Merchant City,Merchant State,Merchant Category Code,Merchant Type,SIC Code Group Type,Presentation
123456789,11/5/2013,12/4/2013,11/3/2013,54.88,5,MONTE CARLO ADV RESERVAT.,LAS VEGAS,NV,3676,Monte Carlo Hotel and Casino,Hotel/Motel,Travel
123456789,11/5/2013,12/4/2013,11/3/2013,54.88,5,MONTE CARLO ADV RESERVAT.,LAS VEGAS,NV,3676,Monte Carlo Hotel and Casino,Hotel/Motel,Travel
123456789,11/5/2013,12/4/2013,11/3/2013,54.88,5,MONTE CARLO ADV RESERVAT.,LAS VEGAS,NV,3676,Monte Carlo Hotel and Casino,Hotel/Motel,Travel
123456789,11/6/2013,12/4/2013,11/4/2013,-54.88,6,MONTE CARLO ADV RESERVAT.,LAS VEGAS,NV,3676,Monte Carlo Hotel and Casino,Hotel/Motel,Travel
123456789,11/6/2013,12/4/2013,11/5/2013,199.95,5,DR *WHITAKER-HEALTHYDRCT,800-7228008,MD,5968,Direct Marketing ? Continuity/Subscription Merchant,Mail Orders,Retail
123456789,11/6/2013,12/4/2013,11/5/2013,16.76,5,Amazon.com,AMZN.COM/BILL,WA,5942,Book Stores,Other Retail,Retail
123456789,11/6/2013,12/4/2013,11/6/2013,9.99,5,APL*APPLE ITUNES STORE,866-712-7753,CA,5735,Record Shops,Other Retail,Retail
123456789,11/7/2013,12/4/2013,11/6/2013,78.8,5,ROBINS RESTAURANT,CAMBRIA,CA,5812,Eating places and Restaurants,Restaurants/Bars,Restaurant
123456789,11/7/2013,12/4/2013,11/6/2013,76.85,5,PSV*New Market Health,888-2695527,MD,5968,Direct Marketing ? Continuity/Subscription Merchant,Mail Orders,Retail
123456789,11/8/2013,12/4/2013,11/6/2013,35.04,5,SHELL OIL 57442732707,PASO ROBLES,CA,5542,Automated Fuel Dispensers,Gas Stations,Gas
123456789,11/12/2013,12/4/2013,11/6/2013,23.25,5,UNIV.PROD./LINECO INC.,413-5323372,MA,5964,Direct Marketing ? Catalog Merchant,Mail Orders,Retail
123456789,11/7/2013,12/4/2013,11/7/2013,-30,6,GROUPON INC,877-788-7858,IL,7299,Miscellaneous Personal Services-not Elsewhere Clas,Other Services,Other
123456789,11/7/2013,12/4/2013,11/7/2013,60,5,GROUPON INC,877-788-7858,IL,7299,Miscellaneous Personal Services-not Elsewhere Clas,Other Services,Other
123456789,11/7/2013,12/4/2013,11/7/2013,30,5,GROUPON INC,877-788-7858,IL,7299,Miscellaneous Personal Services-not Elsewhere Clas,Other Services,Other
123456789,11/8/2013,12/4/2013,11/7/2013,269,5,LIFE EXTENSION FDTN,800-678-8989,FL,5499,Misc. Food Stores ? Convenience Stores and Specialty Markets,Food Stores,Grocery
123456789,11/8/2013,12/4/2013,11/7/2013,57.5,5,HABANEROS,PASO ROBLES,CA,5812,Eating places and Restaurants,Restaurants/Bars,Restaurant
123456789,11/12/2013,12/4/2013,11/8/2013,105.6,5,JET LUXURY RESORTS,SAN DIEGO,CA,7011,#N/A,#N/A,#N/A
123456789,11/12/2013,12/4/2013,11/8/2013,105.6,5,JET LUXURY RESORTS,SAN DIEGO,CA,7011,#N/A,#N/A,#N/A
123456789,11/12/2013,12/4/2013,11/9/2013,-54.88,6,MONTE CARLO ADV RESERVAT.,LAS VEGAS,NV,3676,Monte Carlo Hotel and Casino,Hotel/Motel,Travel
123456789,11/12/2013,12/4/2013,11/9/2013,-54.88,6,MONTE CARLO ADV RESERVAT.,LAS VEGAS,NV,3676,Monte Carlo Hotel and Casino,Hotel/Motel,Travel
123456789,11/12/2013,12/4/2013,11/9/2013,158,5,TRZ*TRAVELZOO LCAL DLS,877-6680000,CA,5969,Direct Marketing ? Not Elsewhere Classified,Mail Orders,Retail
123456789,11/12/2013,12/4/2013,11/9/2013,474,5,TRZ*TRAVELZOO LCAL DLS,877-6680000,CA,5969,Direct Marketing ? Not Elsewhere Classified,Mail Orders,Retail
123456789,11/12/2013,12/4/2013,11/10/2013,13.24,5,Amazon.com,AMZN.COM/BILL,WA,5942,Book Stores,Other Retail,Retail
123456789,11/12/2013,12/4/2013,11/10/2013,38.98,5,APPLEBEES 842056256159,PASO ROBLES,CA,5812,Eating places and Restaurants,Restaurants/Bars,Restaurant
123456789,11/12/2013,12/4/2013,11/11/2013,55.21,5,SMART AND FINA10103927,PASO ROBLES,CA,5411,Grocery Stores/Supermarkets,Food Stores,Grocery
123456789,11/12/2013,12/4/2013,11/11/2013,58.27,5,SMART AND FINA10103927,PASO ROBLES,CA,5411,Grocery Stores/Supermarkets,Food Stores,Grocery
123456789,11/12/2013,12/4/2013,11/11/2013,10,5,SQ *ELAINE WORK,San Miguel,CA,8999,Professional Services-not Elsewhere Classified,Other Services,Other
123456789,11/12/2013,12/4/2013,11/11/2013,147.97,5,LOUISIANA CRAWFISH CO,318-3790539,LA,5422,Freezer and Locker Meat Provisioners/Meat Provisioners ? Freezer and Locker,Food Stores,Grocery
123456789,11/13/2013,12/4/2013,11/11/2013,29,5,SHELL OIL 57442732707,PASO ROBLES,CA,5542,Automated Fuel Dispensers,Gas Stations,Gas
123456789,11/13/2013,12/4/2013,11/12/2013,-79,6,TRZ*TRAVELZOO LCAL DLS,877-6680000,CA,5969,Direct Marketing ? Not Elsewhere Classified,Mail Orders,Retail
123456789,11/13/2013,12/4/2013,11/12/2013,-79,6,TRZ*TRAVELZOO LCAL DLS,877-6680000,CA,5969,Direct Marketing ? Not Elsewhere Classified,Mail Orders,Retail
123456789,11/13/2013,12/4/2013,11/12/2013,90.73,5,WILDBLUE COMMUNICATIONS,866-945-3258,CO,4816,Computer Network/info Srv,Professional Services,Professional Services
123456789,11/14/2013,12/4/2013,11/12/2013,8.9,5,NMX*FRANKLN PROSPERITY,800-4854350,FL,5968,Direct Marketing ? Continuity/Subscription Merchant,Mail Orders,Retail
123456789,11/15/2013,12/4/2013,11/14/2013,106.85,5,PSV*New Market Health,888-2695527,MD,5968,Direct Marketing ? Continuity/Subscription Merchant,Mail Orders,Retail
123456789,11/15/2013,12/4/2013,11/14/2013,75.49,5,WAL-MART #2099,PASO ROBLES,CA,5310,Discount Stores,Discount Stores,Retail
123456789,11/18/2013,12/4/2013,11/14/2013,695,5,CALIFORNIA HOTEL & LODGIN,CHLAONLINE.CO,CA,8699,Membership Organizations-not Elsewhere Classified,Other Services,Other
123456789,11/18/2013,12/4/2013,11/15/2013,100,5,PP*Savory Institute,303-9187312,CO,8999,Professional Services-not Elsewhere Classified,Other Services,Other
123456789,11/18/2013,12/4/2013,11/15/2013,100,5,PP*Savory Institute,303-9187312,CO,8999,Professional Services-not Elsewhere Classified,Other Services,Other
123456789,11/18/2013,12/4/2013,11/15/2013,602.14,5,BIGDUCK GA,800-704-6138,GA,5714,"Drapery, Window Covering and Upholstery Stores",Interior Furnishing Stores,Housing
123456789,11/18/2013,12/4/2013,11/16/2013,29.9,5,OnStar,888-4ONSTAR,MI,4899,Cable and other pay television (previously Cable Services),Utilities,Housing
123456789,11/19/2013,12/4/2013,11/17/2013,30.58,5,CORNER STORE 3557,PASO ROBLES,CA,5542,Automated Fuel Dispensers,Gas Stations,Gas
123456789,11/20/2013,12/4/2013,11/19/2013,170.07,5,OVR*O.CO/OVERSTOCK.COM,800-8432446,UT,5969,Direct Marketing ? Not Elsewhere Classified,Mail Orders,Retail
123456789,11/20/2013,12/4/2013,11/19/2013,22.31,5,TARGET        00011205,PASO ROBLES,CA,5411,Grocery Stores/Supermarkets,Food Stores,Grocery
123456789,11/20/2013,12/4/2013,11/19/2013,73.68,5,SMART AND FINA10103927,PASO ROBLES,CA,5411,Grocery Stores/Supermarkets,Food Stores,Grocery
123456789,11/20/2013,12/4/2013,11/19/2013,0.99,5,APL*APPLE ITUNES STORE,866-712-7753,CA,5735,Record Shops,Other Retail,Retail
123456789,11/20/2013,12/4/2013,11/19/2013,76,5,STEVENS FARM,701-362-7361,ND,5999,Miscellaneous and Specialty Retail Stores,Other Retail,Retail
123456789,11/21/2013,12/4/2013,11/21/2013,0.34,5,CRUCIAL.COM,800-336-8915,ID,5045,"Computers, Computer Peripheral Equipment, Software",Professional Services,Professional Services
123456789,11/21/2013,12/4/2013,11/21/2013,73.09,5,CRUCIAL.COM,800-336-8915,ID,5045,"Computers, Computer Peripheral Equipment, Software",Professional Services,Professional Services
123456789,11/22/2013,12/4/2013,11/21/2013,107.95,5,NATURAL LIVING,877-303-7876,NV,5122,"Drugs, Drug Proprietors, and Druggist?s Sundries",Drug Stores,Healthcare
123456789,11/26/2013,12/4/2013,11/25/2013,23.46,5,DI RAIMONDO'S,PASO ROBLES,CA,5411,Grocery Stores/Supermarkets,Food Stores,Grocery
123456789,11/27/2013,12/4/2013,11/25/2013,72.55,5,FIRESTONE WALKER BREWERY,PASO ROBLES,CA,5812,Eating places and Restaurants,Restaurants/Bars,Restaurant
123456789,12/3/2013,12/4/2013,12/2/2013,84.78,5,OREILLY AUTO  00025833,PASO ROBLES,CA,5533,"Automotive Parts, Accessories Stores",Vehicles,Travel
123456789,12/3/2013,12/4/2013,12/2/2013,16.3,5,SXM*SIRIUSXM.COM/ACCT,888-635-5144,NY,4899,Cable and other pay television (previously Cable Services),Utilities,Housing
123456789,12/4/2013,12/4/2013,12/2/2013,23.74,5,CORNER STORE 3728,CASTROVILLE,CA,5542,Automated Fuel Dispensers,Gas Stations,Gas
123456789,12/4/2013,12/4/2013,12/2/2013,16,62,LATE FEE,,,0,#N/A,#N/A,#N/A
123456789,12/5/2013,1/2/2014,12/3/2013,23.18,5,CORNER STORE 3005,KING CITY,CA,5542,Automated Fuel Dispensers,Gas Stations,Gas
123456789,12/4/2013,12/4/2013,12/4/2013,40.7,64,FINANCE CHARGE PURCHASE,,,0,#N/A,#N/A,#N/A
123456789,12/6/2013,1/2/2014,12/5/2013,73.98,5,SMART AND FINA10103927,PASO ROBLES,CA,5411,Grocery Stores/Supermarkets,Food Stores,Grocery
123456789,12/9/2013,1/2/2014,12/5/2013,120.7,5,STAPLES       00107029,PASO ROBLES,CA,5943,"Stationery Stores, Office and School Supply Stores",Other Retail,Retail
123456789,12/6/2013,1/2/2014,12/6/2013,-4967.04,65,ONLINE PAYMENT THANK YOU,,,,#N/A,#N/A,#N/A
123456789,12/9/2013,1/2/2014,12/6/2013,48.97,5,Solutions,800-4586057,MA,5691,Men?s and Women?s Clothing Stores,Clothing Stores,Retail
123456789,12/10/2013,1/2/2014,12/8/2013,31.46,5,TOUCH OF PASO,PASO ROBLES,CA,5812,Eating places and Restaurants,Restaurants/Bars,Restaurant
123456789,12/11/2013,1/2/2014,12/9/2013,110.73,5,ARIA - THE BUFFET,LAS VEGAS,NV,5812,Eating places and Restaurants,Restaurants/Bars,Restaurant
123456789,12/10/2013,1/2/2014,12/10/2013,50.24,5,AMAZON MKTPLACE PMTS,AMZN.COM/BILL,WA,5942,Book Stores,Other Retail,Retail
123456789,12/12/2013,1/2/2014,12/10/2013,43.89,5,MONTE CARLO BUFFET,LAS VEGAS,NV,3676,Monte Carlo Hotel and Casino,Hotel/Motel,Travel
123456789,12/12/2013,1/2/2014,12/10/2013,23.54,5,ARIA CAFE,LAS VEGAS,NV,5812,Eating places and Restaurants,Restaurants/Bars,Restaurant
123456789,12/13/2013,1/2/2014,12/12/2013,160.66,5,WILDBLUE COMMUNICATIONS,866-945-3258,CO,4816,Computer Network/info Srv,Professional Services,Professional Services
123456789,12/16/2013,1/2/2014,12/12/2013,48.51,5,7-ELEVEN 22070,LAS VEGAS,NV,5541,Service Stations ( with or without ancillary services),Gas Stations,Gas
123456789,12/16/2013,1/2/2014,12/13/2013,20,5,APL*APPLE ITUNES STORE,866-712-7753,CA,5735,Record Shops,Other Retail,Retail
123456789,12/16/2013,1/2/2014,12/13/2013,1.29,5,APL*APPLE ITUNES STORE,866-712-7753,CA,5735,Record Shops,Other Retail,Retail
123456789,12/16/2013,1/2/2014,12/14/2013,19,5,PSV*Health Revelations,800-2167440,MD,5968,Direct Marketing ? Continuity/Subscription Merchant,Mail Orders,Retail
123456789,12/16/2013,1/2/2014,12/14/2013,31.18,5,Amazon.com,AMZN.COM/BILL,WA,4816,Computer Network/info Srv,Professional Services,Professional Services
123456789,12/16/2013,1/2/2014,12/14/2013,24.71,5,Amazon.com,AMZN.COM/BILL,WA,5942,Book Stores,Other Retail,Retail
123456789,12/16/2013,1/2/2014,12/14/2013,3.89,5,AMAZON MKTPLACE PMTS,AMZN.COM/BILL,WA,5942,Book Stores,Other Retail,Retail
123456789,12/16/2013,1/2/2014,12/14/2013,38.61,5,222 WAYSIDE LIQUOR,PASO ROBLES,CA,5542,Automated Fuel Dispensers,Gas Stations,Gas
123456789,12/17/2013,1/2/2014,12/16/2013,29.9,5,OnStar,888-4ONSTAR,MI,4899,Cable and other pay television (previously Cable Services),Utilities,Housing
123456789,12/19/2013,1/2/2014,12/18/2013,35,5,CHARISMA MAGAZINE,407-3330600,FL,5994,News Dealers and Newsstands,Other Retail,Retail
123456789,12/20/2013,1/2/2014,12/20/2013,149.75,5,LIVON LABS,866-682-6193,WI,5399,Misc. General Merchandise,Other Retail,Retail
123456789,12/23/2013,1/2/2014,12/20/2013,45,5,ALBERTSONS #6314,PASO ROBLES,CA,5411,Grocery Stores/Supermarkets,Food Stores,Grocery
123456789,12/23/2013,1/2/2014,12/20/2013,0.99,5,APL*APPLE ITUNES STORE,866-712-7753,CA,5735,Record Shops,Other Retail,Retail
123456789,12/23/2013,1/2/2014,12/20/2013,19.52,5,7-ELEVEN 35067,PASO ROBLES,CA,5542,Automated Fuel Dispensers,Gas Stations,Gas
123456789,12/23/2013,1/2/2014,12/21/2013,153.09,5,BARTON PUBLISHING INC,888-356-1146,SD,7399,Business Services-not Elsewhere Classified,Professional Services,Professional Services
123456789,12/26/2013,1/2/2014,12/24/2013,119.97,5,DR *WHITAKER-HEALTHYDRCT,800-7228008,MD,5968,Direct Marketing ? Continuity/Subscription Merchant,Mail Orders,Retail
123456789,12/27/2013,1/2/2014,12/26/2013,297,5,EDENPURE,330-494-5504,OH,5999,Miscellaneous and Specialty Retail Stores,Other Retail,Retail
123456789,12/27/2013,1/2/2014,12/26/2013,1,5,NMX*NEWSMAX MAGAZINE,800-4854350,FL,5968,Direct Marketing ? Continuity/Subscription Merchant,Mail Orders,Retail
123456789,12/27/2013,1/2/2014,12/26/2013,26.44,5,AMAZON MKTPLACE PMTS,AMZN.COM/BILL,WA,5942,Book Stores,Other Retail,Retail
123456789,12/30/2013,1/2/2014,12/28/2013,50,5,UCD AG & NATURAL RSRC-TN,530-754-3910,CA,8220,"Colleges, Universities, Professional Schools, And",Education,Education
123456789,12/30/2013,1/2/2014,12/29/2013,175,5,ECOLOGICAL FARMING,831-239-8894,CA,763,Agricultural Co-operatives,Other Retail,Retail
123456789,1/2/2014,1/2/2014,1/2/2014,13.6,64,FINANCE CHARGE PURCHASE,,,0,#N/A,#N/A,#N/A
123456789,1/3/2014,2/3/2014,1/2/2014,16.86,5,SXM*SIRIUSXM.COM/ACCT,888-635-5144,NY,4899,Cable and other pay television (previously Cable Services),Utilities,Housing
123456789,1/3/2014,2/3/2014,1/2/2014,95.35,5,TRAVRES*Hotelsone.com,888-273-4683,WA,4722,Travel Agencies and Tour Operations,Travel Agencies,Travel
123456789,1/3/2014,2/3/2014,1/3/2014,-2057.62,65,ONLINE PAYMENT THANK YOU,,,,#N/A,#N/A,#N/A
123456789,1/6/2014,2/3/2014,1/4/2014,33.35,5,7-ELEVEN 35067,PASO ROBLES,CA,5542,Automated Fuel Dispensers,Gas Stations,Gas
123456789,1/6/2014,2/3/2014,1/4/2014,347.45,5,SXM*SIRIUSXM.COM/ACCT,888-635-5144,NY,4899,Cable and other pay television (previously Cable Services),Utilities,Housing
123456789,1/8/2014,2/3/2014,1/7/2014,104.97,5,DR *WHITAKER-HEALTHYDRCT,800-7228008,MD,5968,Direct Marketing ? Continuity/Subscription Merchant,Mail Orders,Retail
123456789,1/13/2014,2/3/2014,1/12/2014,90.73,5,WILDBLUE COMMUNICATIONS,866-945-3258,CO,4816,Computer Network/info Srv,Professional Services,Professional Services
123456789,1/13/2014,2/3/2014,1/12/2014,33.8,5,RITE AID STORE 5831,PASO ROBLES,CA,5912,Drug Stores and Pharmacies,Drug Stores,Healthcare
123456789,1/14/2014,2/3/2014,1/12/2014,27.17,5,DENNY'S #8068,PASO ROBLES,CA,5812,Eating places and Restaurants,Restaurants/Bars,Restaurant
123456789,1/14/2014,2/3/2014,1/13/2014,59.99,5,INSTITUTE FOR VIBRANT LIV,928-567-5175,AZ,5399,Misc. General Merchandise,Other Retail,Retail
123456789,1/14/2014,2/3/2014,1/13/2014,250,5,N.A.R.M.E.,850-668-3700,FL,8641,"Civic, Social, And Fraternal Associations",Other Services,Other
123456789,1/15/2014,2/3/2014,1/14/2014,26.91,5,PMT*IGLOO-STORE,800-3645566,CT,5969,Direct Marketing ? Not Elsewhere Classified,Mail Orders,Retail
123456789,1/15/2014,2/3/2014,1/14/2014,40,5,RITE AID STORE 5831,PASO ROBLES,CA,5912,Drug Stores and Pharmacies,Drug Stores,Healthcare
123456789,1/16/2014,2/3/2014,1/14/2014,34,5,EDENPURE,330-494-5504,OH,5999,Miscellaneous and Specialty Retail Stores,Other Retail,Retail
123456789,1/16/2014,2/3/2014,1/14/2014,90,5,THE GIDEONS INTERNATIONAL,615-5646000,TN,8398,Charitable And Social Service Organizations,Other Services,Other
123456789,1/17/2014,2/3/2014,1/16/2014,29.9,5,OnStar,888-4ONSTAR,MI,4899,Cable and other pay television (previously Cable Services),Utilities,Housing
123456789,1/17/2014,2/3/2014,1/16/2014,67.38,5,NUTRI  HEALTH,928-340-5400,AZ,5999,Miscellaneous and Specialty Retail Stores,Other Retail,Retail
123456789,1/21/2014,2/3/2014,1/17/2014,26.61,5,FROSTPROOF.COM,863-635-3620,FL,5261,Nurseries ? Lawn and Garden Supply Store,Hardware Stores,Retail
123456789,1/22/2014,2/3/2014,1/20/2014,38.21,5,SHELL OIL 62625241240,AVENAL,CA,5542,Automated Fuel Dispensers,Gas Stations,Gas
123456789,1/23/2014,2/3/2014,1/21/2014,23.61,5,CHASE LOS BANOS,LOS BANOS,CA,5542,Automated Fuel Dispensers,Gas Stations,Gas
123456789,1/23/2014,2/3/2014,1/21/2014,33.43,5,THE FISHWIFE RESTAURANT,PACIFIC GROVE,CA,5812,Eating places and Restaurants,Restaurants/Bars,Restaurant
123456789,1/23/2014,2/3/2014,1/21/2014,101.36,5,BEST WESTERN HOTELS,OAKDALE,CA,3502,BEST WESTERN HOTELS,Hotel/Motel,Travel
123456789,1/23/2014,2/3/2014,1/22/2014,163.07,5,WAL-MART #2099,PASO ROBLES,CA,5310,Discount Stores,Discount Stores,Retail
123456789,1/24/2014,2/3/2014,1/22/2014,21.83,5,CORNER STORE 3005,KING CITY,CA,5542,Automated Fuel Dispensers,Gas Stations,Gas
123456789,1/24/2014,2/3/2014,1/23/2014,94.07,5,WAL-MART #2099,PASO ROBLES,CA,5310,Discount Stores,Discount Stores,Retail
123456789,1/24/2014,2/3/2014,1/24/2014,-1734.15,65,ONLINE PAYMENT THANK YOU,,,,#N/A,#N/A,#N/A
123456789,1/27/2014,2/3/2014,1/24/2014,750,5,CALIFORNIA HOTEL & LODGIN,CHLAONLINE.CO,CA,8699,Membership Organizations-not Elsewhere Classified,Other Services,Other
123456789,1/27/2014,2/3/2014,1/24/2014,59,5,NMX*Frankln Prosperity,800-4854350,FL,5968,Direct Marketing ? Continuity/Subscription Merchant,Mail Orders,Retail
123456789,1/27/2014,2/3/2014,1/24/2014,261.04,5,NSA*JUICE+ TOWERGARDEN,800-347-6350,TN,5969,Direct Marketing ? Not Elsewhere Classified,Mail Orders,Retail
123456789,1/27/2014,2/3/2014,1/25/2014,49.85,5,PSV*New Market Health,888-2695527,MD,5968,Direct Marketing ? Continuity/Subscription Merchant,Mail Orders,Retail
123456789,1/27/2014,2/3/2014,1/26/2014,56.23,5,SMART AND FINA10103927,PASO ROBLES,CA,5411,Grocery Stores/Supermarkets,Food Stores,Grocery
123456789,1/27/2014,2/3/2014,1/26/2014,179.13,5,ORCHARD SUPPLY #361,PASO ROBLES,CA,5200,Home Supply Warehouse Stores,Interior Furnishing Stores,Housing
123456789,1/27/2014,2/3/2014,1/26/2014,7.55,5,MICHAELS STORES 2738,PASO ROBLES,CA,5970,Artist?s Supply and Craft Shops,Other Retail,Retail
123456789,1/28/2014,2/3/2014,1/26/2014,22.34,5,7-ELEVEN 35067,PASO ROBLES,CA,5542,Automated Fuel Dispensers,Gas Stations,Gas
123456789,1/28/2014,2/3/2014,1/27/2014,22.98,5,HEARTLAND AMERICA,800-966-1233,MN,5399,Misc. General Merchandise,Other Retail,Retail
123456789,1/28/2014,2/3/2014,1/27/2014,40.64,5,AMAZON MKTPLACE PMTS,AMZN.COM/BILL,WA,5942,Book Stores,Other Retail,Retail
123456789,1/28/2014,2/3/2014,1/27/2014,37.9,5,APPLEBEES PASO56256159,PASO ROBLES,CA,5812,Eating places and Restaurants,Restaurants/Bars,Restaurant
123456789,1/30/2014,2/3/2014,1/28/2014,54,5,NMX*Dr Blaylock Report,800-4854350,FL,5968,Direct Marketing ? Continuity/Subscription Merchant,Mail Orders,Retail
123456789,1/30/2014,2/3/2014,1/29/2014,17.27,5,OREILLY AUTO  00025833,PASO ROBLES,CA,5533,"Automotive Parts, Accessories Stores",Vehicles,Travel
123456789,1/30/2014,2/3/2014,1/29/2014,23.73,5,ORCHARD SUPPLY #361,PASO ROBLES,CA,5200,Home Supply Warehouse Stores,Interior Furnishing Stores,Housing
123456789,1/31/2014,2/3/2014,1/31/2014,6.49,5,Amazon Services-Kindle,866-216-1072,WA,5735,Record Shops,Other Retail,Retail
123456789,2/3/2014,2/3/2014,1/31/2014,147,5,USPS 05587404436007169,PASO ROBLES,CA,9402,Postage Stamps,Other Services,Other
123456789,2/3/2014,2/3/2014,1/31/2014,209.94,5,DR *WHITAKER-HEALTHYDRCT,800-7228008,MD,5968,Direct Marketing ? Continuity/Subscription Merchant,Mail Orders,Retail
123456789,2/3/2014,2/3/2014,1/31/2014,160.42,5,LYONS AUTO REPAIR,PASO ROBLES,CA,7538,Automotive Repair Shops (non-dealer),Vehicles,Travel
123456789,2/3/2014,2/3/2014,1/31/2014,41.34,5,STAPLES       00107029,PASO ROBLES,CA,5943,"Stationery Stores, Office and School Supply Stores",Other Retail,Retail
123456789,2/3/2014,2/3/2014,2/1/2014,2.99,5,APL*APPLE ITUNES STORE,866-712-7753,CA,5735,Record Shops,Other Retail,Retail
123456789,2/3/2014,2/3/2014,2/1/2014,52.97,5,STAPLES       00107029,PASO ROBLES,CA,5943,"Stationery Stores, Office and School Supply Stores",Other Retail,Retail
123456789,2/4/2014,3/5/2014,2/1/2014,387,5,TACKITTFAMILLYVINEYARDS,SAN MIGUEL,CA,5921,"Package Stores ? Beer, Wine, and Liquor",Other Retail,Retail
123456789,2/3/2014,2/3/2014,2/2/2014,34.66,5,APPLEBEES PASO56256159,PASO ROBLES,CA,5812,Eating places and Restaurants,Restaurants/Bars,Restaurant
123456789,2/3/2014,2/3/2014,2/2/2014,18.86,5,WAL-MART #2099,PASO ROBLES,CA,5310,Discount Stores,Discount Stores,Retail
123456789,2/3/2014,2/3/2014,2/2/2014,16.86,5,SXM*SIRIUSXM.COM/ACCT,888-635-5144,NY,4899,Cable and other pay television (previously Cable Services),Utilities,Housing
123456789,2/4/2014,3/5/2014,2/2/2014,29.31,5,CORNER STORE 3557,PASO ROBLES,CA,5542,Automated Fuel Dispensers,Gas Stations,Gas
123456789,2/4/2014,3/5/2014,2/2/2014,16.16,5,DENNY'S #8068,PASO ROBLES,CA,5812,Eating places and Restaurants,Restaurants/Bars,Restaurant
123456789,2/10/2014,3/5/2014,2/7/2014,87.74,5,SMART AND FINA10103927,PASO ROBLES,CA,5411,Grocery Stores/Supermarkets,Food Stores,Grocery
123456789,2/10/2014,3/5/2014,2/9/2014,5.92,5,Amazon Services-Kindle,866-216-1072,WA,5735,Record Shops,Other Retail,Retail
123456789,2/10/2014,3/5/2014,2/9/2014,19,5,PSV*Health Revelations,800-2167440,MD,5968,Direct Marketing ? Continuity/Subscription Merchant,Mail Orders,Retail
123456789,2/11/2014,3/5/2014,2/9/2014,35.1,5,7-ELEVEN 35067,PASO ROBLES,CA,5542,Automated Fuel Dispensers,Gas Stations,Gas
123456789,2/12/2014,3/5/2014,2/11/2014,232.87,5,BIGDUCK GA,800-704-6138,GA,5714,"Drapery, Window Covering and Upholstery Stores",Interior Furnishing Stores,Housing
123456789,2/13/2014,3/5/2014,2/12/2014,93.49,5,WILDBLUE COMMUNICATIONS,866-945-3258,CO,4816,Computer Network/info Srv,Professional Services,Professional Services
123456789,2/14/2014,3/5/2014,2/12/2014,14.95,5,7-ELEVEN 35067,PASO ROBLES,CA,5542,Automated Fuel Dispensers,Gas Stations,Gas
123456789,2/14/2014,3/5/2014,2/13/2014,26.84,5,MINERS ACE HARDWARE 1212,ATASCADERO,CA,5251,Hardware Stores,Hardware Stores,Retail
123456789,2/14/2014,3/5/2014,2/13/2014,83.7,5,EARTHLY TREASURES,PASO ROBLES,CA,5931,Used Merchandise and Secondhand Stores,Other Retail,Retail
123456789,2/14/2014,3/5/2014,2/13/2014,16.72,5,NORTH COUNTY CHRISTIAN,ATASCADERO,CA,5931,Used Merchandise and Secondhand Stores,Other Retail,Retail
123456789,2/14/2014,3/5/2014,2/13/2014,15.76,5,WAL-MART #2099,PASO ROBLES,CA,5310,Discount Stores,Discount Stores,Retail
123456789,2/18/2014,3/5/2014,2/13/2014,59.82,5,GOODWILL INDUSTRIES #29,ATASCADERO,CA,5931,Used Merchandise and Secondhand Stores,Other Retail,Retail
123456789,2/18/2014,3/5/2014,2/16/2014,29.9,5,OnStar,888-4ONSTAR,MI,4899,Cable and other pay television (previously Cable Services),Utilities,Housing
123456789,2/18/2014,3/5/2014,2/16/2014,66.06,5,MICHAELS STORES 2738,PASO ROBLES,CA,5970,Artist?s Supply and Craft Shops,Other Retail,Retail
123456789,2/18/2014,3/5/2014,2/17/2014,219.84,5,DR *WILLIAMS-HEALTHYDIRCT,800-8881415,MD,5968,Direct Marketing ? Continuity/Subscription Merchant,Mail Orders,Retail
123456789,2/18/2014,3/5/2014,2/17/2014,359.94,5,DR *WHITAKER-HEALTHYDRCT,800-7228008,MD,5968,Direct Marketing ? Continuity/Subscription Merchant,Mail Orders,Retail
123456789,2/19/2014,3/5/2014,2/18/2014,374.9,5,DR *WHITAKER-HEALTHYDRCT,800-7228008,MD,5968,Direct Marketing ? Continuity/Subscription Merchant,Mail Orders,Retail
123456789,2/20/2014,3/5/2014,2/19/2014,45,5,ALBERTSONS #6314,PASO ROBLES,CA,5411,Grocery Stores/Supermarkets,Food Stores,Grocery
123456789,2/21/2014,3/5/2014,2/20/2014,-31.3,6,MICHAELS STORES 2738,PASO ROBLES,CA,5970,Artist?s Supply and Craft Shops,Other Retail,Retail
123456789,2/21/2014,3/5/2014,2/20/2014,62.41,5,MICHAELS STORES 2738,PASO ROBLES,CA,5970,Artist?s Supply and Craft Shops,Other Retail,Retail
123456789,2/24/2014,3/5/2014,2/20/2014,86,5,NICK L GUNASAYAN,TEMPLETON,CA,8049,"Chiropodists, Podiatrists",Health Care,Healthcare
123456789,2/24/2014,3/5/2014,2/20/2014,36.54,5,CORNER STORE 3557,PASO ROBLES,CA,5542,Automated Fuel Dispensers,Gas Stations,Gas
123456789,2/24/2014,3/5/2014,2/21/2014,37,5,PSV*The Douglass Report,800-5391966,MD,5968,Direct Marketing ? Continuity/Subscription Merchant,Mail Orders,Retail
123456789,2/25/2014,3/5/2014,2/24/2014,87.47,5,DR *WHITAKER-HEALTHYDRCT,800-7228008,MD,5968,Direct Marketing ? Continuity/Subscription Merchant,Mail Orders,Retail
123456789,2/25/2014,3/5/2014,2/24/2014,87.47,5,DR *WHITAKER-HEALTHYDRCT,800-7228008,MD,5968,Direct Marketing ? Continuity/Subscription Merchant,Mail Orders,Retail
123456789,2/25/2014,3/5/2014,2/24/2014,47.7,5,ADVANCED BIONUTRITIONALS,800-6135721,GA,5964,Direct Marketing ? Catalog Merchant,Mail Orders,Retail
123456789,2/26/2014,3/5/2014,2/24/2014,60.09,5,PACIFICA CAFE,SEASIDE,CA,5812,Eating places and Restaurants,Restaurants/Bars,Restaurant
123456789,2/27/2014,3/5/2014,2/25/2014,25.94,5,7-ELEVEN 32415,MARINA,CA,5542,Automated Fuel Dispensers,Gas Stations,Gas
123456789,2/27/2014,3/5/2014,2/26/2014,337.9,5,EMBASSY SUITES MONTEREY,SEASIDE,CA,3695,EMBASSY SUITES,Hotel/Motel,Travel
123456789,2/27/2014,3/5/2014,2/27/2014,2.99,5,Amazon Services-Kindle,866-216-1072,WA,5735,Record Shops,Other Retail,Retail
123456789,3/3/2014,3/5/2014,2/28/2014,2.99,5,Amazon Services-Kindle,866-216-1072,WA,5735,Record Shops,Other Retail,Retail
123456789,3/3/2014,3/5/2014,2/28/2014,2.99,5,Audible,888-283-5051,NJ,5968,Direct Marketing ? Continuity/Subscription Merchant,Mail Orders,Retail
123456789,3/3/2014,3/5/2014,2/28/2014,3.99,5,Amazon Services-Kindle,866-216-1072,WA,5735,Record Shops,Other Retail,Retail
123456789,3/3/2014,3/5/2014,3/2/2014,16.86,5,SXM*SIRIUSXM.COM/ACCT,888-635-5144,NY,4899,Cable and other pay television (previously Cable Services),Utilities,Housing
123456789,3/3/2014,3/5/2014,3/2/2014,12,5,GOOGLE *SVCSAPPS_THEIN,CC@GOOGLE.COM,CA,7311,Advertising Services,Other Services,Other
123456789,3/4/2014,3/5/2014,3/3/2014,41.11,5,WAL-MART #2099,PASO ROBLES,CA,5310,Discount Stores,Discount Stores,Retail
123456789,3/5/2014,3/5/2014,3/3/2014,30.41,5,WESTERN JANITORIAL SUPPLY,PASO ROBLES,CA,5085,"Industrial Supplies, Not Elsewhere Classified",Other Retail,Retail
123456789,3/5/2014,3/5/2014,3/3/2014,44.31,5,CORNER STORE 3557,PASO ROBLES,CA,5542,Automated Fuel Dispensers,Gas Stations,Gas
123456789,3/5/2014,3/5/2014,3/3/2014,53.99,5,TAKKENS SHOES #2,PASO ROBLES,CA,5139,Commercial Footwear,Clothing Stores,Retail
123456789,3/5/2014,3/5/2014,3/3/2014,149.93,5,THE COMPHY COMPANY,323-225-8234,WA,5719,Miscellaneous Home Furnishing Specialty Stores,Interior Furnishing Stores,Housing
123456789,3/5/2014,3/5/2014,3/3/2014,35,62,LATE FEE,,,0,#N/A,#N/A,#N/A
123456789,3/4/2014,3/5/2014,3/4/2014,-5488.15,65,ONLINE PAYMENT THANK YOU,,,,#N/A,#N/A,#N/A
123456789,3/5/2014,3/5/2014,3/5/2014,42.84,64,FINANCE CHARGE PURCHASE,,,0,#N/A,#N/A,#N/A
123456789,3/7/2014,4/3/2014,3/6/2014,199.95,5,DR *WHITAKER-HEALTHYDRCT,800-7228008,MD,5968,Direct Marketing ? Continuity/Subscription Merchant,Mail Orders,Retail
123456789,3/10/2014,4/3/2014,3/8/2014,179,5,DUN & BRADSTREET CRED,800-892-2980,CA,7399,Business Services-not Elsewhere Classified,Professional Services,Professional Services
123456789,3/10/2014,4/3/2014,3/9/2014,179,5,DUN & BRADSTREET CRED,800-892-2980,CA,7399,Business Services-not Elsewhere Classified,Professional Services,Professional Services
123456789,3/12/2014,4/3/2014,3/11/2014,59.99,5,INSTITUTE FOR VIBRANT LIV,928-567-5175,AZ,5399,Misc. General Merchandise,Other Retail,Retail
123456789,3/13/2014,4/3/2014,3/12/2014,100.72,5,EXEDE WILDBLUE VIASAT,866-945-3258,CO,4816,Computer Network/info Srv,Professional Services,Professional Services
123456789,3/17/2014,4/3/2014,3/14/2014,39.95,5,NMX*Newsmax Magazine,800-4854350,FL,5968,Direct Marketing ? Continuity/Subscription Merchant,Mail Orders,Retail
123456789,3/17/2014,4/3/2014,3/16/2014,29.9,5,OnStar,888-4ONSTAR,MI,4899,Cable and other pay television (previously Cable Services),Utilities,Housing
123456789,3/20/2014,4/3/2014,3/19/2014,13.96,5,Amazon.com,AMZN.COM/BILL,WA,5942,Book Stores,Other Retail,Retail
123456789,3/20/2014,4/3/2014,3/19/2014,24.79,5,RITE AID STORE 5832,PASO ROBLES,CA,5912,Drug Stores and Pharmacies,Drug Stores,Healthcare
123456789,3/24/2014,4/3/2014,3/21/2014,42.32,5,Amazon.com,AMZN.COM/BILL,WA,5942,Book Stores,Other Retail,Retail
123456789,4/1/2014,4/3/2014,4/1/2014,-81,65,ONLINE PAYMENT THANK YOU,,,,#N/A,#N/A,#N/A
123456789,4/2/2014,4/3/2014,4/2/2014,16.86,5,SXM*SIRIUSXM.COM/ACCT,888-635-5144,NY,4899,Cable and other pay television (previously Cable Services),Utilities,Housing
123456789,4/3/2014,4/3/2014,4/2/2014,0.53,5,GOOGLE *SVCSAPPS_THEIN,CC@GOOGLE.COM,CA,7311,Advertising Services,Other Services,Other
123456789,4/4/2014,5/1/2014,4/2/2014,37.14,5,7-ELEVEN 35067,PASO ROBLES,CA,5542,Automated Fuel Dispensers,Gas Stations,Gas
123456789,4/3/2014,4/3/2014,4/3/2014,12.02,64,FINANCE CHARGE PURCHASE,,,0,#N/A,#N/A,#N/A
123456789,4/4/2014,5/1/2014,4/3/2014,-179,6,DUN & BRADSTREET CRED,800-892-2980,CA,7399,Business Services-not Elsewhere Classified,Professional Services,Professional Services
123456789,4/4/2014,5/1/2014,4/3/2014,-179,6,DUN & BRADSTREET CRED,800-892-2980,CA,7399,Business Services-not Elsewhere Classified,Professional Services,Professional Services
123456789,4/11/2014,5/1/2014,3/26/2014,38.87,5,MAGS 888-221-2881,888-221-2881,AZ,5968,Direct Marketing ? Continuity/Subscription Merchant,Mail Orders,Retail
123456789,4/7/2014,5/1/2014,4/4/2014,84.74,5,Amazon.com,AMZN.COM/BILL,WA,5942,Book Stores,Other Retail,Retail
123456789,4/8/2014,5/1/2014,4/6/2014,62.99,5,THE SOW EAR CAFE,CAMBRIA,CA,5812,Eating places and Restaurants,Restaurants/Bars,Restaurant
123456789,4/8/2014,5/1/2014,4/6/2014,94.35,5,OLALLIEBERRY INN,CAMBRIA,CA,7011,#N/A,#N/A,#N/A
123456789,4/9/2014,5/1/2014,4/7/2014,31.88,5,7-ELEVEN 35067,PASO ROBLES,CA,5542,Automated Fuel Dispensers,Gas Stations,Gas
123456789,4/14/2014,5/1/2014,4/12/2014,110.71,5,EXEDE WILDBLUE VIASAT,866-945-3258,CO,4816,Computer Network/info Srv,Professional Services,Professional Services
123456789,4/15/2014,5/1/2014,4/14/2014,321.94,5,DR *WHITAKER-HEALTHYDRCT,800-7228008,MD,5968,Direct Marketing ? Continuity/Subscription Merchant,Mail Orders,Retail
123456789,4/15/2014,5/1/2014,4/14/2014,149.7,5,ADVANCED BIONUTRITIONALS,800-6135721,GA,5964,Direct Marketing ? Catalog Merchant,Mail Orders,Retail
123456789,4/17/2014,5/1/2014,4/16/2014,29.9,5,OnStar,888-4ONSTAR,MI,4899,Cable and other pay television (previously Cable Services),Utilities,Housing
123456789,4/17/2014,5/1/2014,4/17/2014,52,5,Amazon.com,AMZN.COM/BILL,WA,5942,Book Stores,Other Retail,Retail
123456789,4/21/2014,5/1/2014,4/17/2014,37,5,8003708660SURVIVLSTRAT,800-3708660,TX,5942,Book Stores,Other Retail,Retail
123456789,4/21/2014,5/1/2014,4/17/2014,54,5,8003708660SURVIVLSTRAT,800-3708660,TX,5942,Book Stores,Other Retail,Retail
123456789,4/21/2014,5/1/2014,4/20/2014,5.99,5,Amazon Services-Kindle,866-216-1072,WA,5735,Record Shops,Other Retail,Retail
123456789,4/23/2014,5/1/2014,4/22/2014,39.99,5,DR *WHITAKER-HEALTHYDIRCT,800-5398219,MD,5968,Direct Marketing ? Continuity/Subscription Merchant,Mail Orders,Retail
123456789,4/25/2014,5/1/2014,4/24/2014,11.73,5,222 WAYSIDE LIQUOR,PASO ROBLES,CA,5542,Automated Fuel Dispensers,Gas Stations,Gas
123456789,4/25/2014,5/1/2014,4/24/2014,36.94,5,222 WAYSIDE LIQUOR,PASO ROBLES,CA,5542,Automated Fuel Dispensers,Gas Stations,Gas
123456789,4/28/2014,5/1/2014,4/24/2014,16.82,5,CVS PHARMACY #9925,PASO ROBLES,CA,5912,Drug Stores and Pharmacies,Drug Stores,Healthcare
123456789,4/29/2014,5/1/2014,4/27/2014,77.18,5,RED LOBSTER US00007187,SANTA MARIA,CA,5812,Eating places and Restaurants,Restaurants/Bars,Restaurant
123456789,4/30/2014,5/1/2014,4/29/2014,64,5,RANCHMANAGEMENT,7074292292,CA,8244,Business And Secretarial Schools,Education,Education
123456789,4/30/2014,5/1/2014,4/30/2014,-2151.45,65,ONLINE PAYMENT THANK YOU,,,,#N/A,#N/A,#N/A
123456789,5/2/2014,6/2/2014,4/30/2014,30.79,5,CORNER STORE 3557,PASO ROBLES,CA,5542,Automated Fuel Dispensers,Gas Stations,Gas
123456789,5/2/2014,6/2/2014,4/30/2014,31.42,5,PASO ROBLES GOLF C,PASO ROBLES,CA,5812,Eating places and Restaurants,Restaurants/Bars,Restaurant
123456789,5/1/2014,5/1/2014,5/1/2014,4.3,5,AMAZON MKTPLACE PMTS,AMZN.COM/BILL,WA,5942,Book Stores,Other Retail,Retail
123456789,5/1/2014,5/1/2014,5/1/2014,16.06,64,FINANCE CHARGE PURCHASE,,,0,#N/A,#N/A,#N/A
123456789,5/2/2014,6/2/2014,5/1/2014,4,5,AMAZON MKTPLACE PMTS,AMZN.COM/BILL,WA,5942,Book Stores,Other Retail,Retail
123456789,5/2/2014,6/2/2014,5/1/2014,4,5,AMAZON MKTPLACE PMTS,AMZN.COM/BILL,WA,5942,Book Stores,Other Retail,Retail
123456789,5/2/2014,6/2/2014,5/1/2014,4,5,AMAZON MKTPLACE PMTS,AMZN.COM/BILL,WA,5942,Book Stores,Other Retail,Retail
123456789,5/2/2014,6/2/2014,5/1/2014,4.84,5,AMAZON MKTPLACE PMTS,AMZN.COM/BILL,WA,5942,Book Stores,Other Retail,Retail
123456789,5/2/2014,6/2/2014,5/2/2014,-4,6,AMAZON MKTPLACE PMTS,AMZN.COM/BILL,WA,5942,Book Stores,Other Retail,Retail
123456789,5/5/2014,6/2/2014,5/2/2014,48.51,5,ALBERTSONS #6314,PASO ROBLES,CA,5411,Grocery Stores/Supermarkets,Food Stores,Grocery
123456789,5/5/2014,6/2/2014,5/2/2014,16.86,5,SXM*SIRIUSXM.COM/ACCT,888-635-5144,NY,4899,Cable and other pay television (previously Cable Services),Utilities,Housing
123456789,5/5/2014,6/2/2014,5/2/2014,4.16,5,GOOGLE *SVCSAPPS_THEIN,CC@GOOGLE.COM,CA,7311,Advertising Services,Other Services,Other
123456789,5/5/2014,6/2/2014,5/2/2014,78.24,5,HP HOME STORE,888-999-4747,CA,5045,"Computers, Computer Peripheral Equipment, Software",Professional Services,Professional Services
123456789,5/6/2014,6/2/2014,5/5/2014,78.76,5,ORCHARD SUPPLY #361,PASO ROBLES,CA,5200,Home Supply Warehouse Stores,Interior Furnishing Stores,Housing
123456789,5/7/2014,6/2/2014,5/5/2014,32.34,5,LOWES #02730*,PASO ROBLES,CA,5200,Home Supply Warehouse Stores,Interior Furnishing Stores,Housing
123456789,5/8/2014,6/2/2014,5/7/2014,44.83,5,CORNER STORE 3557,PASO ROBLES,CA,5542,Automated Fuel Dispensers,Gas Stations,Gas
123456789,5/8/2014,6/2/2014,5/7/2014,104.97,5,DR *WHITAKER-HEALTHYDRCT,800-7228008,MD,5968,Direct Marketing ? Continuity/Subscription Merchant,Mail Orders,Retail
123456789,5/8/2014,6/2/2014,5/7/2014,15.98,5,CKMEDIA*SEW NEWS,800-289-6397,UT,5942,Book Stores,Other Retail,Retail
123456789,5/9/2014,6/2/2014,5/8/2014,11.04,5,AMAZON MKTPLACE PMTS,AMZN.COM/BILL,WA,5942,Book Stores,Other Retail,Retail
123456789,5/12/2014,6/2/2014,5/8/2014,80.2,5,BASIL RESTAURANT,PASO ROBLES,CA,5812,Eating places and Restaurants,Restaurants/Bars,Restaurant
123456789,5/12/2014,6/2/2014,5/9/2014,149.85,5,PSV*NorthStar Nutritional,866-8214516,MD,5968,Direct Marketing ? Continuity/Subscription Merchant,Mail Orders,Retail
123456789,5/12/2014,6/2/2014,5/9/2014,49.58,5,HOTELS.COM,800-246-8357,WA,4722,Travel Agencies and Tour Operations,Travel Agencies,Travel
123456789,5/12/2014,6/2/2014,5/9/2014,45.31,5,AMAZON MKTPLACE PMTS,AMZN.COM/BILL,WA,5942,Book Stores,Other Retail,Retail
123456789,5/12/2014,6/2/2014,5/11/2014,153.6,5,WAL-MART #2099,PASO ROBLES,CA,5310,Discount Stores,Discount Stores,Retail
123456789,5/12/2014,6/2/2014,5/11/2014,115.74,5,SMART AND FINA10103927,PASO ROBLES,CA,5411,Grocery Stores/Supermarkets,Food Stores,Grocery
123456789,5/13/2014,6/2/2014,5/12/2014,59.99,5,INSTITUTE FOR VIBRANT LIV,928-567-5175,AZ,5399,Misc. General Merchandise,Other Retail,Retail
123456789,5/13/2014,6/2/2014,5/12/2014,110.71,5,EXEDE WILDBLUE VIASAT,866-945-3258,CO,4816,Computer Network/info Srv,Professional Services,Professional Services
123456789,5/15/2014,6/2/2014,5/14/2014,139.28,5,ALBERTSONS #6314,PASO ROBLES,CA,5411,Grocery Stores/Supermarkets,Food Stores,Grocery
123456789,5/15/2014,6/2/2014,5/14/2014,32.67,5,EARTHLY TREASURES,PASO ROBLES,CA,5931,Used Merchandise and Secondhand Stores,Other Retail,Retail
123456789,5/16/2014,6/2/2014,5/15/2014,99,5,PSV*Stansberry Investment,888-2612693,MD,5968,Direct Marketing ? Continuity/Subscription Merchant,Mail Orders,Retail
123456789,5/19/2014,6/2/2014,5/15/2014,38.87,5,MAGS 888-221-2881,888-221-2881,AZ,5968,Direct Marketing ? Continuity/Subscription Merchant,Mail Orders,Retail
123456789,5/19/2014,6/2/2014,5/16/2014,29.9,5,OnStar,888-4ONSTAR,MI,4899,Cable and other pay television (previously Cable Services),Utilities,Housing
123456789,5/20/2014,6/2/2014,5/19/2014,7.99,5,Amazon Services-Kindle,866-216-1072,WA,5735,Record Shops,Other Retail,Retail
123456789,5/21/2014,6/2/2014,5/19/2014,47.62,5,7-ELEVEN 35067,PASO ROBLES,CA,5542,Automated Fuel Dispensers,Gas Stations,Gas
123456789,5/28/2014,6/2/2014,5/26/2014,24.73,5,HANDSOME REWARDS,951-943-2026,CA,5964,Direct Marketing ? Catalog Merchant,Mail Orders,Retail
123456789,5/28/2014,6/2/2014,5/27/2014,679.82,5,DR *WHITAKER-HEALTHYDRCT,800-7228008,MD,5968,Direct Marketing ? Continuity/Subscription Merchant,Mail Orders,Retail
123456789,5/28/2014,6/2/2014,5/27/2014,4.88,5,AMAZON MKTPLACE PMTS,AMZN.COM/BILL,WA,5942,Book Stores,Other Retail,Retail
123456789,5/28/2014,6/2/2014,5/27/2014,4.9,5,AMAZON MKTPLACE PMTS,AMZN.COM/BILL,WA,5942,Book Stores,Other Retail,Retail
123456789,5/29/2014,6/2/2014,5/28/2014,100.89,5,AMK*FEEL GOOD STORE,800-926-0880,OH,5499,Misc. Food Stores ? Convenience Stores and Specialty Markets,Food Stores,Grocery
123456789,5/30/2014,6/2/2014,5/28/2014,113.29,5,STAPLES       00107029,PASO ROBLES,CA,5943,"Stationery Stores, Office and School Supply Stores",Other Retail,Retail
123456789,5/29/2014,6/2/2014,5/29/2014,222.65,5,LIVON LABS,702-2550265,NV,5399,Misc. General Merchandise,Other Retail,Retail
123456789,5/30/2014,6/2/2014,5/29/2014,78.1,5,SMART AND FINA10103927,PASO ROBLES,CA,5411,Grocery Stores/Supermarkets,Food Stores,Grocery
123456789,5/30/2014,6/2/2014,5/30/2014,-2821.31,65,ONLINE PAYMENT THANK YOU,,,,#N/A,#N/A,#N/A
123456789,6/3/2014,7/2/2014,6/1/2014,38.07,5,7-ELEVEN 35067,PASO ROBLES,CA,5542,Automated Fuel Dispensers,Gas Stations,Gas
123456789,6/3/2014,7/2/2014,6/2/2014,16.86,5,SXM*SIRIUSXM.COM/ACCT,888-635-5144,NY,4899,Cable and other pay television (previously Cable Services),Utilities,Housing
123456789,6/3/2014,7/2/2014,6/3/2014,4.16,5,GOOGLE *SVCSAPPS_THEIN,CC@GOOGLE.COM,CA,7311,Advertising Services,Other Services,Other
123456789,6/9/2014,7/2/2014,6/6/2014,56,5,PCPA THEATERFEST,805-928-7731,CA,7922,Theatrical Producers (except Motion Pictures),Recreation,Recreation
123456789,6/9/2014,7/2/2014,6/8/2014,345.55,5,LOWES #02730*,PASO ROBLES,CA,5200,Home Supply Warehouse Stores,Interior Furnishing Stores,Housing
123456789,6/10/2014,7/2/2014,6/8/2014,143.07,5,STAPLES       00107029,PASO ROBLES,CA,5943,"Stationery Stores, Office and School Supply Stores",Other Retail,Retail
123456789,6/10/2014,7/2/2014,6/9/2014,147.19,5,SMART AND FINA10103927,PASO ROBLES,CA,5411,Grocery Stores/Supermarkets,Food Stores,Grocery
123456789,6/10/2014,7/2/2014,6/9/2014,101.75,5,RADIOSHACK COR00130401,PASO ROBLES,CA,5732,Electronic Sales,Electric Appliance Stores,Housing
123456789,6/10/2014,7/2/2014,6/9/2014,59.78,5,Amazon.com,AMZN.COM/BILL,WA,4816,Computer Network/info Srv,Professional Services,Professional Services
123456789,6/11/2014,7/2/2014,6/9/2014,63.44,5,STAPLES       00113852,ATASCADERO,CA,5943,"Stationery Stores, Office and School Supply Stores",Other Retail,Retail
123456789,6/11/2014,7/2/2014,6/9/2014,18.87,5,7-ELEVEN 35067,PASO ROBLES,CA,5542,Automated Fuel Dispensers,Gas Stations,Gas
123456789,6/11/2014,7/2/2014,6/10/2014,9.79,5,AMAZON MKTPLACE PMTS,AMZN.COM/BILL,WA,5942,Book Stores,Other Retail,Retail
123456789,6/13/2014,7/2/2014,6/11/2014,19.92,5,SHELL OIL 62625241240,AVENAL,CA,5542,Automated Fuel Dispensers,Gas Stations,Gas
123456789,6/13/2014,7/2/2014,6/12/2014,90.73,5,EXEDE WILDBLUE VIASAT,866-945-3258,CO,4816,Computer Network/info Srv,Professional Services,Professional Services
123456789,6/16/2014,7/2/2014,6/12/2014,45.8,5,CORNER STORE 3643,SANTA NELLA,CA,5542,Automated Fuel Dispensers,Gas Stations,Gas
123456789,6/16/2014,7/2/2014,6/13/2014,120.34,5,DOUBLETREE BY HILTON SACR,SACRAMENTO,CA,3692,DOUBLETREE HOTELS,Hotel/Motel,Travel
123456789,6/16/2014,7/2/2014,6/13/2014,20.39,5,DOUBLETREE SACRAMENTO FB,SACRAMENTO,CA,5812,Eating places and Restaurants,Restaurants/Bars,Restaurant
123456789,6/16/2014,7/2/2014,6/13/2014,18.22,5,DOUBLETREE SACRAMENTO FB,SACRAMENTO,CA,5812,Eating places and Restaurants,Restaurants/Bars,Restaurant
123456789,6/16/2014,7/2/2014,6/13/2014,431.88,5,HOMEAWAY B&B*,512-322-2710,TX,8999,Professional Services-not Elsewhere Classified,Other Services,Other
123456789,6/16/2014,7/2/2014,6/13/2014,109.74,5,VONS     Store00023176,PASO ROBLES,CA,5411,Grocery Stores/Supermarkets,Food Stores,Grocery
123456789,6/19/2014,7/2/2014,6/13/2014,113.36,5,RED LION WOODLAKE HOTEL &,SACRAMENTO,CA,3528,RED LION HOTELS/ RED LION INNS,Hotel/Motel,Travel
123456789,6/17/2014,7/2/2014,6/15/2014,27.43,5,TOUCH OF PASO,PASO ROBLES,CA,5812,Eating places and Restaurants,Restaurants/Bars,Restaurant
123456789,6/17/2014,7/2/2014,6/15/2014,37.31,5,CORNER STORE 3557,PASO ROBLES,CA,5542,Automated Fuel Dispensers,Gas Stations,Gas
123456789,6/17/2014,7/2/2014,6/16/2014,29.9,5,OnStar,888-4ONSTAR,MI,4899,Cable and other pay television (previously Cable Services),Utilities,Housing
123456789,6/17/2014,7/2/2014,6/16/2014,5.69,5,Amazon Services-Kindle,866-216-1072,WA,5735,Record Shops,Other Retail,Retail
123456789,6/17/2014,7/2/2014,6/16/2014,5.5,5,LIFE EXTENSION FDTN,800-678-8989,FL,5499,Misc. Food Stores ? Convenience Stores and Specialty Markets,Food Stores,Grocery
123456789,6/18/2014,7/2/2014,6/16/2014,38.87,5,MAGS 888-221-2881,888-221-2881,AZ,5968,Direct Marketing ? Continuity/Subscription Merchant,Mail Orders,Retail
123456789,6/18/2014,7/2/2014,6/17/2014,39.95,5,NMX*MIND HEALTH REPORT,800-4854350,FL,5968,Direct Marketing ? Continuity/Subscription Merchant,Mail Orders,Retail
123456789,6/18/2014,7/2/2014,6/17/2014,149.97,5,DR *WHITAKER-HEALTHYDRCT,800-7228008,MD,5968,Direct Marketing ? Continuity/Subscription Merchant,Mail Orders,Retail
123456789,6/18/2014,7/2/2014,6/17/2014,200.7,5,ADVANCED BIONUTRITIONALS,800-6135721,GA,5964,Direct Marketing ? Catalog Merchant,Mail Orders,Retail
123456789,6/19/2014,7/2/2014,6/18/2014,162.12,5,SMART AND FINA10103927,PASO ROBLES,CA,5411,Grocery Stores/Supermarkets,Food Stores,Grocery
123456789,6/25/2014,7/2/2014,6/23/2014,200,5,TEMPLETON GLASS,PASO ROBLES,CA,7538,Automotive Repair Shops (non-dealer),Vehicles,Travel
123456789,6/25/2014,7/2/2014,6/24/2014,149.97,5,DR *WHITAKER-HEALTHYDRCT,800-7228008,MD,5968,Direct Marketing ? Continuity/Subscription Merchant,Mail Orders,Retail
123456789,6/26/2014,7/2/2014,6/25/2014,25.71,5,LOWES #02730*,PASO ROBLES,CA,5200,Home Supply Warehouse Stores,Interior Furnishing Stores,Housing
123456789,6/26/2014,7/2/2014,6/25/2014,25.68,5,RITE AID STORE 5832,PASO ROBLES,CA,5912,Drug Stores and Pharmacies,Drug Stores,Healthcare
123456789,6/30/2014,7/2/2014,6/27/2014,110,5,FIVE STAR RAIN GUTTERS,805-4613283,CA,1761,"Roofing,Sheet Metal Work, Siding Contractors",Other Services,Other
123456789,6/30/2014,7/2/2014,6/28/2014,1.99,5,Amazon Services-Kindle,866-216-1072,WA,5735,Record Shops,Other Retail,Retail
123456789,6/30/2014,7/2/2014,6/28/2014,1.99,5,Amazon Services-Kindle,866-216-1072,WA,5735,Record Shops,Other Retail,Retail
123456789,6/30/2014,7/2/2014,6/29/2014,31.9,5,OREILLY AUTO  00025833,PASO ROBLES,CA,5533,"Automotive Parts, Accessories Stores",Vehicles,Travel
123456789,6/30/2014,7/2/2014,6/29/2014,56.12,5,RADIOSHACK COR00130401,PASO ROBLES,CA,5732,Electronic Sales,Electric Appliance Stores,Housing
123456789,6/30/2014,7/2/2014,6/30/2014,-3265.1,65,ONLINE PAYMENT THANK YOU,,,,#N/A,#N/A,#N/A
123456789,7/1/2014,7/2/2014,6/30/2014,147.64,5,SMART AND FINA10103927,PASO ROBLES,CA,5411,Grocery Stores/Supermarkets,Food Stores,Grocery
123456789,7/1/2014,7/2/2014,6/30/2014,42.06,5,ORCHARD SUPPLY #361,PASO ROBLES,CA,5200,Home Supply Warehouse Stores,Interior Furnishing Stores,Housing
123456789,7/2/2014,7/2/2014,7/1/2014,4,5,AMAZON MKTPLACE PMTS,AMZN.COM/BILL,WA,5942,Book Stores,Other Retail,Retail
123456789,7/3/2014,8/15/2014,7/2/2014,5.08,5,AMAZON MKTPLACE PMTS,AMZN.COM/BILL,WA,5942,Book Stores,Other Retail,Retail
123456789,7/3/2014,8/15/2014,7/2/2014,48.61,5,222 WAYSIDE LIQUOR,PASO ROBLES,CA,5542,Automated Fuel Dispensers,Gas Stations,Gas
123456789,7/3/2014,8/15/2014,7/2/2014,4.16,5,GOOGLE *SVCSAPPS_THEIN,CC@GOOGLE.COM,CA,7311,Advertising Services,Other Services,Other
123456789,7/7/2014,8/15/2014,7/2/2014,17.67,5,VONS     Store00023176,PASO ROBLES,CA,5411,Grocery Stores/Supermarkets,Food Stores,Grocery
123456789,7/7/2014,8/15/2014,7/2/2014,110,5,FIVE STAR RAIN GUTTERS,805-4613283,CA,1761,"Roofing,Sheet Metal Work, Siding Contractors",Other Services,Other
123456789,7/7/2014,8/15/2014,7/3/2014,19.03,5,ALBERTSONS #6314,PASO ROBLES,CA,5411,Grocery Stores/Supermarkets,Food Stores,Grocery
123456789,7/7/2014,8/15/2014,7/3/2014,81,5,STEVENS FARM,701-362-7361,ND,5999,Miscellaneous and Specialty Retail Stores,Other Retail,Retail
123456789,7/9/2014,8/15/2014,7/7/2014,34.14,5,7-ELEVEN 35067,PASO ROBLES,CA,5542,Automated Fuel Dispensers,Gas Stations,Gas
123456789,7/9/2014,8/15/2014,7/8/2014,9.48,5,DANISH MILL BAKERY 2,SOLVANG,CA,5812,Eating places and Restaurants,Restaurants/Bars,Restaurant
123456789,7/11/2014,8/15/2014,7/8/2014,34.28,5,SOLVANG BREWING COMPAN,SOLVANG,CA,5812,Eating places and Restaurants,Restaurants/Bars,Restaurant
123456789,7/10/2014,8/15/2014,7/9/2014,11.87,5,PETCO 1312    63513121,PASO ROBLES,CA,5995,"Pet Shops, Pet Foods, and Supplies Stores",Other Retail,Retail
123456789,7/14/2014,8/15/2014,7/10/2014,14.11,5,THE HOME DEPOT 1031,ATASCADERO,CA,5200,Home Supply Warehouse Stores,Interior Furnishing Stores,Housing
123456789,7/14/2014,8/15/2014,7/10/2014,47.71,5,7-ELEVEN 35067,PASO ROBLES,CA,5542,Automated Fuel Dispensers,Gas Stations,Gas
123456789,7/14/2014,8/15/2014,7/11/2014,683,5,HAGERTY INSURANCE AGEN,231-933-3760,MI,6300,"Insurance Sales, Underwriting, and Premiums",Professional Services,Professional Services
123456789,7/14/2014,8/15/2014,7/11/2014,99.9,5,PSV*Real Advantage Nutrie,888-2695527,MD,5968,Direct Marketing ? Continuity/Subscription Merchant,Mail Orders,Retail
123456789,7/14/2014,8/15/2014,7/11/2014,59.99,5,INSTITUTE FOR VIBRANT LIV,928-567-5175,AZ,5399,Misc. General Merchandise,Other Retail,Retail
123456789,7/14/2014,8/15/2014,7/12/2014,90.73,5,EXEDE WILDBLUE VIASAT,866-945-3258,CO,4816,Computer Network/info Srv,Professional Services,Professional Services
123456789,7/14/2014,8/15/2014,7/13/2014,79.29,5,WAL-MART #2099,PASO ROBLES,CA,5310,Discount Stores,Discount Stores,Retail
123456789,7/15/2014,8/15/2014,7/14/2014,106.43,5,AmazonPrime Membership,amzn.com/prme,NV,5968,Direct Marketing ? Continuity/Subscription Merchant,Mail Orders,Retail
123456789,7/17/2014,8/15/2014,7/16/2014,107.85,5,ADVANCED BIONUTRITIONALS,800-6135721,GA,5964,Direct Marketing ? Catalog Merchant,Mail Orders,Retail
123456789,7/21/2014,8/15/2014,7/20/2014,86.12,5,SMART AND FINA10103927,PASO ROBLES,CA,5411,Grocery Stores/Supermarkets,Food Stores,Grocery
123456789,7/22/2014,8/15/2014,7/20/2014,42.04,5,TOUCH OF PASO,PASO ROBLES,CA,5812,Eating places and Restaurants,Restaurants/Bars,Restaurant
123456789,7/22/2014,8/15/2014,7/20/2014,44.32,5,CORNER STORE 3557,PASO ROBLES,CA,5542,Automated Fuel Dispensers,Gas Stations,Gas
123456789,7/22/2014,8/15/2014,7/21/2014,70.95,5,TACKITTFAMILYVINEYARDS,805-286-4266,CA,5921,"Package Stores ? Beer, Wine, and Liquor",Other Retail,Retail
123456789,7/23/2014,8/15/2014,7/21/2014,240,5,FARM STAY US,541-4874966,OR,7311,Advertising Services,Other Services,Other
123456789,7/23/2014,8/15/2014,7/22/2014,108.75,5,SQ *S. ANDRIS LANNON,Paso Robles,CA,5399,Misc. General Merchandise,Other Retail,Retail
123456789,7/24/2014,8/15/2014,7/23/2014,-431.88,6,HOMEAWAY B&B*,512-322-2710,TX,8999,Professional Services-not Elsewhere Classified,Other Services,Other
123456789,7/25/2014,8/15/2014,7/24/2014,61.78,5,WAL-MART #2099,PASO ROBLES,CA,5310,Discount Stores,Discount Stores,Retail
123456789,8/15/2014,8/15/2014,8/10/2014,83.68,5,ODYSSEY WORLD CAFE,PASO ROBLES,CA,5812,Eating places and Restaurants,Restaurants/Bars,Restaurant
123456789,8/15/2014,8/15/2014,8/10/2014,177.6,5,BLUEBIRD INN,CAMBRIA,CA,7011,#N/A,#N/A,#N/A
123456789,8/15/2014,8/15/2014,8/11/2014,59.25,5,INDIGO MOON,CAMBRIA,CA,5812,Eating places and Restaurants,Restaurants/Bars,Restaurant
123456789,8/15/2014,8/15/2014,8/11/2014,12,5,AMAZON MKTPLACE PMTS,AMZN.COM/BILL,WA,5942,Book Stores,Other Retail,Retail
123456789,8/15/2014,8/15/2014,8/11/2014,9.96,5,AMAZON MKTPLACE PMTS,AMZN.COM/BILL,WA,5942,Book Stores,Other Retail,Retail
123456789,8/15/2014,8/15/2014,8/11/2014,27.95,5,CREEKSIDE GARDENS CAFE,CAMBRIA,CA,5812,Eating places and Restaurants,Restaurants/Bars,Restaurant
123456789,8/29/2014,9/16/2014,8/15/2014,38.87,5,MAGS 888-221-2881,888-221-2881,AZ,5968,Direct Marketing ? Continuity/Subscription Merchant,Mail Orders,Retail
123456789,8/29/2014,9/16/2014,8/16/2014,39.02,5,EXXONMOBIL    48035166,ROCKY POINT,NC,5542,Automated Fuel Dispensers,Gas Stations,Gas
123456789,9/16/2014,9/16/2014,8/24/2014,14.57,5,SMART AND FINA10103927,PASO ROBLES,CA,5411,Grocery Stores/Supermarkets,Food Stores,Grocery
123456789,9/16/2014,9/16/2014,9/2/2014,25,62,LATE FEE,,,0,#N/A,#N/A,#N/A
123456789,9/16/2014,9/16/2014,9/16/2014,32.44,64,FINANCE CHARGE PURCHASE,,,0,#N/A,#N/A,#N/A
123456789,9/30/2014,_,8/27/2014,12.74,5,7-ELEVEN 35067,PASO ROBLES,CA,5542,Automated Fuel Dispensers,Gas Stations,Gas
123456789,9/30/2014,_,8/28/2014,1,5,DRS HEALTH PRS 8667443579,866-744-3579,DE,2741,Miscellaneous Publishing and Printing,Other Services,Other
